{
  "page": 2,
  "originalViewBox": {
    "x": 0,
    "y": 0,
    "width": 382.67999268,
    "height": 547.09002686
  },
  "viewBox": {
    "x": 94.00279236,
    "y": 97.44581604,
    "width": 194.82246399,
    "height": 353.09483337
  },
  "crop": {
    "x": 94.00279236,
    "y": 97.44581604,
    "width": 194.82246399,
    "height": 353.09483337,
    "source": "quran-only",
    "horizontalPadding": 6,
    "verticalPadding": 6
  },
  "cropRect": {
    "x": 94.00279236,
    "y": 97.44581604,
    "width": 194.82246399,
    "height": 353.09483337
  },
  "variant": "quran-only",
  "cropSource": "#md-page-inner without external non-quranic groups",
  "geometrySelectors": [
    "[id^=\"md-word-\"]",
    "[id^=\"md-aya-mark-\"]"
  ],
  "removedExternalSelectors": [
    "#md-non-quranic-header-juz-name",
    "#md-non-quranic-header-surah-name",
    "#md-non-quranic-margin-juz-hisb",
    "#md-non-quranic-margin-sajda",
    "#md-non-quranic-margin-sakta",
    "#md-non-quranic-page-number"
  ],
  "removedNonQuranicExternalOnly": true,
  "ayahs": [
    {
      "surah": 2,
      "ayah": 1,
      "segments": [
        {
          "line": 8,
          "x": 0.79306675,
          "y": 0.57669071,
          "w": 0.07141982,
          "h": 0.0468364
        }
      ],
      "textWords": [
        {
          "wordIndex": 1,
          "line": 8,
          "hafs": "الٓمٓ",
          "x": 0.79306675,
          "y": 0.57669071,
          "w": 0.07141982,
          "h": 0.0468364,
          "outsideCrop": false
        }
      ],
      "ayahNumberBoxes": [
        {
          "line": 8,
          "x": 0.73205664,
          "y": 0.58682294,
          "w": 0.06343666,
          "h": 0.04347466,
          "outsideCrop": false
        }
      ]
    },
    {
      "surah": 2,
      "ayah": 2,
      "segments": [
        {
          "line": 8,
          "x": 0.14015254,
          "y": 0.56946405,
          "w": 0.58536551,
          "h": 0.05779877
        },
        {
          "line": 9,
          "x": 0.80676103,
          "y": 0.64683524,
          "w": 0.15756556,
          "h": 0.04916271
        }
      ],
      "textWords": [
        {
          "wordIndex": 1,
          "line": 8,
          "hafs": "ذَٰلِكَ",
          "x": 0.64085579,
          "y": 0.58430578,
          "w": 0.08466226,
          "h": 0.04117954,
          "outsideCrop": false
        },
        {
          "wordIndex": 2,
          "line": 8,
          "hafs": "ٱلۡكِتَٰبُ",
          "x": 0.44930871,
          "y": 0.57742034,
          "w": 0.19076629,
          "h": 0.04894232,
          "outsideCrop": false
        },
        {
          "wordIndex": 3,
          "line": 8,
          "hafs": "لَا",
          "x": 0.40449761,
          "y": 0.57728638,
          "w": 0.04417991,
          "h": 0.04140089,
          "outsideCrop": false
        },
        {
          "wordIndex": 4,
          "line": 8,
          "hafs": "رَيۡبَ",
          "x": 0.32532146,
          "y": 0.585538,
          "w": 0.08195711,
          "h": 0.04096312,
          "outsideCrop": false
        },
        {
          "wordIndex": 5,
          "line": 8,
          "hafs": "ۛ",
          "x": 0.32365071,
          "y": 0.56946405,
          "w": 0.02321489,
          "h": 0.01234437,
          "outsideCrop": false
        },
        {
          "wordIndex": 6,
          "line": 8,
          "hafs": "فِيهِ",
          "x": 0.25347495,
          "y": 0.59119719,
          "w": 0.07458001,
          "h": 0.03606563,
          "outsideCrop": false
        },
        {
          "wordIndex": 7,
          "line": 8,
          "hafs": "ۛ",
          "x": 0.25440823,
          "y": 0.57000216,
          "w": 0.02531931,
          "h": 0.01268421,
          "outsideCrop": false
        },
        {
          "wordIndex": 8,
          "line": 8,
          "hafs": "هُدٗى",
          "x": 0.14015254,
          "y": 0.58441581,
          "w": 0.10796397,
          "h": 0.03863231,
          "outsideCrop": false
        },
        {
          "wordIndex": 9,
          "line": 9,
          "hafs": "لِّلۡمُتَّقِينَ",
          "x": 0.80676103,
          "y": 0.64683524,
          "w": 0.15756556,
          "h": 0.04916271,
          "outsideCrop": false
        }
      ],
      "ayahNumberBoxes": [
        {
          "line": 9,
          "x": 0.73318588,
          "y": 0.65734222,
          "w": 0.06343666,
          "h": 0.04347466,
          "outsideCrop": false
        }
      ]
    },
    {
      "surah": 2,
      "ayah": 3,
      "segments": [
        {
          "line": 9,
          "x": 0.03404785,
          "y": 0.6406688,
          "w": 0.69200294,
          "h": 0.06417212
        },
        {
          "line": 10,
          "x": 0.5465144,
          "y": 0.72202755,
          "w": 0.42268833,
          "h": 0.063338
        }
      ],
      "textWords": [
        {
          "wordIndex": 1,
          "line": 9,
          "hafs": "ٱلَّذِينَ",
          "x": 0.62523237,
          "y": 0.6406688,
          "w": 0.10081842,
          "h": 0.05949917,
          "outsideCrop": false
        },
        {
          "wordIndex": 2,
          "line": 9,
          "hafs": "يُؤۡمِنُونَ",
          "x": 0.48717834,
          "y": 0.65343408,
          "w": 0.13701792,
          "h": 0.04559009,
          "outsideCrop": false
        },
        {
          "wordIndex": 3,
          "line": 9,
          "hafs": "بِٱلۡغَيۡبِ",
          "x": 0.34986123,
          "y": 0.64448455,
          "w": 0.13366858,
          "h": 0.06035637,
          "outsideCrop": false
        },
        {
          "wordIndex": 4,
          "line": 9,
          "hafs": "وَ",
          "x": 0.30411552,
          "y": 0.66094665,
          "w": 0.04257173,
          "h": 0.03610945,
          "outsideCrop": false
        },
        {
          "wordIndex": 5,
          "line": 9,
          "hafs": "يُقِيمُونَ",
          "x": 0.17833306,
          "y": 0.65060198,
          "w": 0.14841291,
          "h": 0.04660701,
          "outsideCrop": false
        },
        {
          "wordIndex": 6,
          "line": 9,
          "hafs": "ٱلصَّلَوٰةَ",
          "x": 0.03404785,
          "y": 0.64431463,
          "w": 0.14258258,
          "h": 0.05058144,
          "outsideCrop": false
        },
        {
          "wordIndex": 7,
          "line": 10,
          "hafs": "وَ",
          "x": 0.92622615,
          "y": 0.72971004,
          "w": 0.04297658,
          "h": 0.03773561,
          "outsideCrop": false
        },
        {
          "wordIndex": 8,
          "line": 10,
          "hafs": "مِمَّا",
          "x": 0.86898551,
          "y": 0.72772762,
          "w": 0.07978847,
          "h": 0.03522114,
          "outsideCrop": false
        },
        {
          "wordIndex": 9,
          "line": 10,
          "hafs": "رَزَقۡنَٰهُمۡ",
          "x": 0.70120282,
          "y": 0.72305459,
          "w": 0.16405912,
          "h": 0.06231096,
          "outsideCrop": false
        },
        {
          "wordIndex": 10,
          "line": 10,
          "hafs": "يُنفِقُونَ",
          "x": 0.5465144,
          "y": 0.72202755,
          "w": 0.1506829,
          "h": 0.04837647,
          "outsideCrop": false
        }
      ],
      "ayahNumberBoxes": [
        {
          "line": 10,
          "x": 0.47669594,
          "y": 0.72822969,
          "w": 0.06343666,
          "h": 0.04347466,
          "outsideCrop": false
        }
      ]
    },
    {
      "surah": 2,
      "ayah": 4,
      "segments": [
        {
          "line": 10,
          "x": 0.03079727,
          "y": 0.70772548,
          "w": 0.44298002,
          "h": 0.06906062
        },
        {
          "line": 11,
          "x": 0.11496215,
          "y": 0.776234,
          "w": 0.84521136,
          "h": 0.07694803
        }
      ],
      "textWords": [
        {
          "wordIndex": 1,
          "line": 10,
          "hafs": "وَ",
          "x": 0.43039728,
          "y": 0.7307579,